"p","n","rho","rho_default","deff","n_eff"
0.001,1e+05,0.01,0,1,1e+05
0.001,1e+05,0.1,0.00207726622028113,208.724544761892,479.100338266769
0.001,1e+05,0.25,0.0100334772473415,1004.3376912569,99.568104304492
0.01,1e+05,0.01,0.00148883639958477,149.882151122077,667.190851287899
0.01,1e+05,0.1,0.00854364698577221,855.356154930235,116.910364675117
0.01,1e+05,0.25,0.0326122521296136,3262.19260070923,30.6542292991098
0.05,1e+05,0.01,0.00225596632526884,226.594376560558,441.317218537745
0.05,1e+05,0.1,0.0259158529344752,2592.55937759458,38.5719227355871
0.05,1e+05,0.25,0.0763086948008772,7631.79317139292,13.1030804627726
